date,close,volume,open,high,low
28-02-2019,173.15,27953810,174.32,174.91,172.92
27-02-2019,174.87,27817640,173.21,175,172.73
26-02-2019,174.33,16991610,173.71,175.3,173.1732
25-02-2019,174.23,21846400,174.16,175.87,173.95
22-02-2019,172.97,18890250,171.58,173,171.38
21-02-2019,171.06,17154540,171.8,172.37,170.3
20-02-2019,172.03,25323890,171.19,173.32,170.99
19-02-2019,170.93,18958570,169.71,171.44,169.49
15-02-2019,170.42,24603320,171.25,171.7,169.75
14-02-2019,170.8,21785180,169.71,171.2615,169.38
13-02-2019,170.18,22389660,171.39,172.48,169.92
12-02-2019,170.89,22224400,170.1,171,169.7
11-02-2019,169.43,20940020,171.05,171.21,169.25
08-02-2019,170.41,23793830,168.99,170.66,168.42
07-02-2019,170.94,31644240,172.4,173.94,170.34
06-02-2019,174.24,28204640,174.65,175.57,172.8531
05-02-2019,174.18,36054570,172.86,175.08,172.3501
04-02-2019,171.25,31384720,167.41,171.655,167.28
01-02-2019,166.52,32644590,166.96,168.98,165.93
31-01-2019,166.44,40613260,166.11,169,164.56
30-01-2019,165.25,60800480,163.25,166.15,160.23
29-01-2019,154.68,39914850,156.25,158.13,154.11
28-01-2019,156.3,26147280,155.79,156.33,153.66
25-01-2019,157.76,33508960,155.48,158.13,154.32
24-01-2019,152.7,25418110,154.11,154.48,151.74
23-01-2019,153.92,23046560,154.15,155.14,151.7
22-01-2019,153.3,30273990,156.41,156.73,152.62
18-01-2019,156.82,33259460,157.5,157.88,155.9806
17-01-2019,155.86,29616190,154.2,157.66,153.26
16-01-2019,154.94,30483120,153.08,155.88,153
15-01-2019,153.07,28449940,150.27,153.39,150.05
14-01-2019,150,32018540,150.85,151.27,149.22
11-01-2019,152.29,26924630,152.88,153.7,151.51
10-01-2019,153.8,35661200,152.5,153.97,150.86
09-01-2019,153.31,45034370,151.29,154.53,149.63
08-01-2019,150.75,40622910,149.56,151.82,148.52
07-01-2019,147.93,54571440,148.7,148.83,145.9
04-01-2019,148.26,57423650,144.53,148.5499,143.8
03-01-2019,142.19,91106840,143.98,145.72,142
02-01-2019,157.92,35637070,154.89,158.85,154.23
31-12-2018,157.74,34499390,158.53,159.36,156.48
28-12-2018,156.23,41740600,157.5,158.52,154.55
27-12-2018,156.15,51608850,155.84,156.77,150.07
26-12-2018,157.17,58133850,148.3,157.23,146.72
24-12-2018,146.83,37169230,148.15,151.55,146.59
21-12-2018,150.73,95497900,156.86,158.16,149.63
20-12-2018,156.83,64398230,160.4,162.11,155.3
19-12-2018,160.89,47597670,166,167.45,159.09
18-12-2018,166.07,33753490,165.38,167.53,164.39
17-12-2018,163.94,43250420,165.45,168.35,162.73
14-12-2018,165.48,40620360,169,169.08,165.28
13-12-2018,170.95,31754210,170.49,172.57,169.55
12-12-2018,169.1,35474680,170.4,171.92,169.02
11-12-2018,168.63,45968040,171.66,171.79,167
10-12-2018,169.6,61759000,165,170.09,163.33
07-12-2018,168.49,41678680,173.49,174.49,168.3
06-12-2018,174.72,42704910,171.76,174.78,170.42
04-12-2018,176.69,41141250,180.95,182.3899,176.27
03-12-2018,184.82,40537700,184.46,184.94,181.21
30-11-2018,178.58,39424260,180.29,180.33,177.03
29-11-2018,179.55,41523580,182.66,182.8,177.7
28-11-2018,180.94,45941750,176.73,181.29,174.93
27-11-2018,174.24,41156140,171.51,174.77,170.88
26-11-2018,174.62,44662320,174.24,174.95,170.26
23-11-2018,172.29,23623970,174.94,176.595,172.1
21-11-2018,176.78,31096240,179.73,180.27,176.55
20-11-2018,176.98,67678680,178.37,181.47,175.51
19-11-2018,185.86,41626820,190,190.7,184.99
16-11-2018,193.53,36191330,190.5,194.9695,189.46
15-11-2018,191.41,46271660,188.39,191.97,186.9
14-11-2018,186.8,60547340,193.9,194.48,185.93
13-11-2018,192.23,46725710,191.63,197.18,191.4501
12-11-2018,194.17,50991030,199,199.85,193.79
09-11-2018,204.47,34317760,205.55,206.01,202.25
08-11-2018,208.49,25289270,209.98,210.12,206.75
07-11-2018,209.95,33291640,205.97,210.06,204.13
06-11-2018,203.77,31774720,201.92,204.72,201.69
05-11-2018,201.59,66072170,204.3,204.39,198.17
02-11-2018,207.48,91046560,209.55,213.65,205.43
01-11-2018,222.22,52954070,219.05,222.36,216.81
31-10-2018,218.86,38016810,216.88,220.45,216.62
30-10-2018,213.3,36487930,211.15,215.18,209.27
29-10-2018,212.24,45713690,219.19,219.69,206.09
26-10-2018,216.3,47191700,215.9,220.19,212.67
25-10-2018,219.8,29027340,217.71,221.38,216.75
24-10-2018,215.09,39992120,222.6,224.23,214.54
23-10-2018,222.73,38681170,215.83,223.25,214.7
22-10-2018,220.65,28751540,219.79,223.36,218.94
19-10-2018,219.31,32874330,218.06,221.26,217.43
18-10-2018,216.02,32389280,217.86,219.74,213
17-10-2018,221.19,22692880,222.3,222.64,219.34
16-10-2018,222.15,28802550,218.93,222.99,216.7627
15-10-2018,217.36,30280450,221.16,221.83,217.27
12-10-2018,222.11,39494770,220.42,222.88,216.84
11-10-2018,214.45,52902320,214.52,219.5,212.32
10-10-2018,216.36,41084070,225.46,226.35,216.05
09-10-2018,226.87,26656630,223.64,227.27,222.2462
08-10-2018,223.77,28784550,222.21,224.8,220.2
05-10-2018,224.29,33507770,227.96,228.41,220.58
04-10-2018,227.99,31961120,230.78,232.35,226.73
03-10-2018,232.07,28540490,230.05,233.47,229.78
02-10-2018,229.28,24435010,227.25,230,226.63
01-10-2018,227.26,23171020,227.95,229.42,226.35
28-09-2018,225.74,22560440,224.79,225.84,224.02
27-09-2018,224.95,29729270,223.82,226.44,223.54
26-09-2018,220.42,23430370,221,223.75,219.76
25-09-2018,222.19,22811140,219.75,222.82,219.7
24-09-2018,220.79,27581270,216.82,221.26,216.63
21-09-2018,217.66,95584080,220.78,221.36,217.29
20-09-2018,220.03,26388050,220.24,222.28,219.15
19-09-2018,218.37,26869880,218.5,219.62,215.3
18-09-2018,218.24,31495630,217.79,221.85,217.12
17-09-2018,217.88,36810120,222.15,222.95,217.27
14-09-2018,223.84,31801970,225.75,226.84,222.522
13-09-2018,226.41,41411350,223.52,228.35,222.57
12-09-2018,221.07,49118510,224.94,225,219.84
11-09-2018,223.85,35644510,218.01,224.299,216.56
10-09-2018,218.33,39194720,220.95,221.85,216.47
07-09-2018,221.3,37418910,221.85,225.37,220.71
06-09-2018,223.1,34121240,226.23,227.35,221.3
05-09-2018,226.87,33290830,228.99,229.67,225.1
04-09-2018,228.36,27363960,228.41,229.18,226.63
31-08-2018,227.63,43177540,226.51,228.87,226
30-08-2018,225.03,48696960,223.25,228.26,222.4
29-08-2018,222.98,27074260,220.15,223.49,219.41
28-08-2018,219.7,22751390,219.01,220.54,218.92
27-08-2018,217.94,20400770,217.15,218.74,216.33
24-08-2018,216.16,18457720,216.6,216.9,215.11
23-08-2018,215.49,18505780,214.65,217.05,214.6
22-08-2018,215.05,18965930,214.1,216.36,213.84
21-08-2018,215.04,25682700,216.8,217.19,214.025
20-08-2018,215.46,30149410,218.1,219.18,215.11
17-08-2018,217.58,35034410,213.44,217.95,213.16
16-08-2018,213.32,27595310,211.75,213.8121,211.47
15-08-2018,210.24,28595230,209.22,210.74,208.33
14-08-2018,209.75,20679270,210.155,210.56,208.26
13-08-2018,208.87,25864510,207.7,210.952,207.7
10-08-2018,207.53,24592460,207.36,209.1,206.67
09-08-2018,208.88,23389530,207.28,209.78,207.2
08-08-2018,207.25,22493750,206.05,207.81,204.52
07-08-2018,207.11,25525650,209.32,209.5,206.76
06-08-2018,209.07,25396100,208,209.25,207.07
03-08-2018,207.99,33408050,207.03,208.74,205.4803
02-08-2018,207.39,62317430,200.58,208.38,200.35
01-08-2018,201.5,67812280,199.13,201.76,197.31
31-07-2018,190.29,37847260,190.3,192.14,189.34
30-07-2018,189.91,20912890,191.9,192.2,189.07
27-07-2018,190.98,23975350,194.99,195.19,190.1
26-07-2018,194.21,19005150,194.61,195.96,193.61
25-07-2018,194.82,16553500,193.06,194.85,192.43
24-07-2018,193,18680930,192.45,193.6601,192.05
23-07-2018,191.61,15955820,190.68,191.96,189.56
20-07-2018,191.44,20670830,191.78,192.43,190.17
19-07-2018,191.88,20182050,189.69,192.55,189.69
18-07-2018,190.4,16365720,191.78,191.8,189.93
17-07-2018,191.45,15515000,189.75,191.87,189.2
16-07-2018,190.91,15009800,191.52,192.65,190.415
13-07-2018,191.33,12506830,191.08,191.84,190.9
12-07-2018,191.03,18000180,189.53,191.41,189.31
11-07-2018,187.88,18776390,188.5,189.7799,187.61
10-07-2018,190.35,15801370,190.71,191.28,190.1801
09-07-2018,190.58,19636390,189.5,190.68,189.3
06-07-2018,187.97,17426160,185.42,188.434,185.2
05-07-2018,185.4,16543880,185.26,186.41,184.28
03-07-2018,183.92,13954810,187.79,187.95,183.54
02-07-2018,187.18,17675210,183.82,187.3,183.42
29-06-2018,185.11,22551660,186.29,187.19,182.91
28-06-2018,185.5,17352380,184.1,186.21,183.8
27-06-2018,184.16,24987260,185.228,187.28,184.03
26-06-2018,184.43,24378480,182.99,186.53,182.54
25-06-2018,182.17,31632320,183.4,184.92,180.73
22-06-2018,184.92,27185130,186.12,186.15,184.7
21-06-2018,185.46,25649240,187.25,188.35,184.94
20-06-2018,186.5,20490090,186.35,187.2,185.73
19-06-2018,185.69,33538550,185.14,186.33,183.45
18-06-2018,188.74,18458410,187.88,189.22,187.2
15-06-2018,188.84,61438290,190.03,190.16,188.26
14-06-2018,190.8,21584720,191.55,191.57,190.22
13-06-2018,190.7,21480120,192.42,192.88,190.44
12-06-2018,192.28,16859020,191.385,192.611,191.15
11-06-2018,191.23,18069930,191.35,191.97,190.21
08-06-2018,191.7,26580710,191.17,192,189.77
07-06-2018,193.46,21329170,194.14,194.2,192.335
06-06-2018,193.98,20912820,193.63,194.08,191.92
05-06-2018,193.31,21535570,193.065,193.94,192.36
04-06-2018,191.83,26190620,191.635,193.42,191.35
01-06-2018,190.24,23377690,187.991,190.26,187.75
31-05-2018,186.87,27468700,187.22,188.23,186.14
30-05-2018,187.5,18503410,187.72,188,186.78
29-05-2018,187.9,22409110,187.6,188.75,186.87
25-05-2018,188.58,17186760,188.23,189.65,187.65
24-05-2018,188.15,23129400,188.77,188.84,186.21
23-05-2018,188.36,19966590,186.35,188.5,185.76
22-05-2018,187.16,15228270,188.375,188.88,186.78
21-05-2018,187.63,18383080,188,189.27,186.9106
18-05-2018,186.31,18083080,187.19,187.8102,186.13
17-05-2018,186.99,17014490,188,188.91,186.36
16-05-2018,188.18,19046600,186.07,188.46,186
15-05-2018,186.44,23639070,186.78,187.07,185.1
14-05-2018,188.15,20393070,189.01,189.53,187.86
11-05-2018,188.59,26167950,189.49,190.06,187.45
10-05-2018,190.04,27942430,187.74,190.37,187.65
09-05-2018,187.36,23141260,186.55,187.4,185.22
08-05-2018,186.05,28053230,184.99,186.22,183.665
07-05-2018,185.16,42557530,185.18,187.67,184.75
04-05-2018,183.83,56137230,178.25,184.25,178.17
03-05-2018,176.89,33944110,175.88,177.5,174.4411
02-05-2018,176.57,66454720,175.225,177.75,173.8
01-05-2018,169.1,52228910,166.41,169.2,165.27
30-04-2018,165.26,41976500,162.13,167.26,161.84
27-04-2018,162.32,35617230,164,164.33,160.63
26-04-2018,164.22,27850370,164.12,165.73,163.37
25-04-2018,163.65,28331540,162.62,165.42,162.41
24-04-2018,162.94,33674960,165.67,166.33,161.2201
23-04-2018,165.24,36396590,166.835,166.92,164.09
20-04-2018,165.72,65270950,170.595,171.2184,165.43
19-04-2018,172.8,34693280,174.95,175.39,172.66
18-04-2018,177.84,20544600,177.81,178.82,176.88
17-04-2018,178.24,26575010,176.49,178.9365,176.41
16-04-2018,175.82,21561320,175.0301,176.19,174.8301
13-04-2018,174.73,25100510,174.78,175.84,173.85
12-04-2018,174.14,22858840,173.41,175,173.04
11-04-2018,172.44,22401040,172.23,173.9232,171.7
10-04-2018,173.25,28567110,173,174,171.53
09-04-2018,170.05,28976200,169.88,173.09,169.845
06-04-2018,168.38,34949690,170.97,172.48,168.2
05-04-2018,172.8,26750260,172.58,174.2304,172.08
04-04-2018,171.61,34581850,164.88,172.01,164.77
03-04-2018,168.39,30237640,167.64,168.7455,164.88
02-04-2018,166.68,37425640,167.88,168.94,164.47
29-03-2018,167.78,38116290,167.805,171.75,166.9
28-03-2018,166.48,41464880,167.25,170.02,165.19
27-03-2018,168.34,39824200,173.68,175.15,166.92
26-03-2018,172.77,36778560,168.07,173.1,166.44
23-03-2018,164.94,40984540,168.39,169.92,164.94
22-03-2018,168.85,41335980,170,172.68,168.6
21-03-2018,171.27,36387880,175.04,175.09,171.26
20-03-2018,175.24,19620520,175.24,176.8,174.94
19-03-2018,175.3,32931110,177.32,177.47,173.66
16-03-2018,178.02,38313330,178.65,179.12,177.62
15-03-2018,178.65,22676520,178.5,180.24,178.0701
14-03-2018,178.44,29334630,180.32,180.52,177.81
13-03-2018,179.97,31464170,182.59,183.5,179.24
12-03-2018,181.72,32191070,180.29,182.39,180.21
09-03-2018,179.98,32130360,177.96,180,177.39
08-03-2018,176.94,24518850,175.48,177.12,175.07
07-03-2018,175.03,31686450,174.94,175.85,174.27
06-03-2018,176.67,23273160,177.91,178.25,176.13
05-03-2018,176.82,27825140,175.21,177.74,174.52
02-03-2018,176.21,38426060,172.8,176.3,172.45
01-03-2018,175,48706170,178.54,179.775,172.66
28-02-2018,178.12,37568080,179.26,180.615,178.05
27-02-2018,178.39,38885510,179.1,180.48,178.16
26-02-2018,178.97,37353670,176.35,179.39,176.21
23-02-2018,175.5,33772050,173.67,175.65,173.54
22-02-2018,172.5,30953760,171.8,173.95,171.71
21-02-2018,171.07,37378070,172.83,174.12,171.01
20-02-2018,171.85,33690660,172.05,174.26,171.42
16-02-2018,172.43,40113790,172.36,174.82,171.77
15-02-2018,172.99,50908540,169.79,173.09,169
14-02-2018,167.37,40382890,163.045,167.54,162.88
13-02-2018,164.34,32483310,161.95,164.75,161.65
12-02-2018,162.71,60774900,158.5,163.89,157.51
09-02-2018,156.41,70583530,157.07,157.89,150.24
08-02-2018,155.15,54145930,160.29,161,155.03
07-02-2018,159.54,51467440,163.085,163.4,159.0685
06-02-2018,163.03,68171940,154.83,163.72,154
05-02-2018,156.49,72215320,159.1,163.88,156
02-02-2018,160.5,85957050,166,166.8,160.1
01-02-2018,167.78,44453230,167.165,168.62,166.76
31-01-2018,167.43,32234520,166.87,168.4417,166.5
30-01-2018,166.97,45635470,165.525,167.37,164.7
29-01-2018,167.96,50565420,170.16,170.16,167.07
26-01-2018,171.51,39075250,172,172,170.06
25-01-2018,171.11,41438280,174.505,174.95,170.53
24-01-2018,174.22,51368540,177.25,177.3,173.2
23-01-2018,177.04,32395870,177.3,179.44,176.82
22-01-2018,177,27052000,177.3,177.78,176.6016
19-01-2018,178.46,31306390,178.61,179.58,177.41
18-01-2018,179.26,31087330,179.37,180.1,178.25
17-01-2018,179.1,34260230,176.15,179.25,175.07
16-01-2018,176.19,29512410,177.9,179.39,176.14
12-01-2018,177.09,25302200,176.18,177.36,175.65
11-01-2018,175.28,18653380,174.59,175.4886,174.49
10-01-2018,174.29,23751690,173.16,174.3,173
09-01-2018,174.33,21532200,174.55,175.06,173.41
08-01-2018,174.35,20523870,174.35,175.61,173.93
05-01-2018,175,23589930,173.44,175.37,173.05
04-01-2018,173.03,22342650,172.54,173.47,172.08
03-01-2018,172.23,29461040,172.53,174.55,171.96
02-01-2018,172.26,25400540,170.16,172.3,169.26
29-12-2017,169.23,25938760,170.52,170.59,169.22
28-12-2017,171.08,16412270,171,171.85,170.48
27-12-2017,170.6,21477380,170.1,170.78,169.71
26-12-2017,170.57,33113340,170.8,171.47,169.679
22-12-2017,175.01,16339690,174.68,175.424,174.5
21-12-2017,175.01,20848660,174.17,176.02,174.1
20-12-2017,174.35,23451420,174.87,175.42,173.25
19-12-2017,174.54,27393660,175.03,175.39,174.09
18-12-2017,176.42,29385650,174.88,177.2,174.86
15-12-2017,173.97,40122100,173.63,174.17,172.46
14-12-2017,172.22,20442740,172.4,173.13,171.65
13-12-2017,172.27,23402510,172.5,173.54,172
12-12-2017,171.7,19088170,172.15,172.39,171.461
11-12-2017,172.67,34260890,169.2,172.89,168.79
08-12-2017,169.37,23285760,170.49,171,168.82
07-12-2017,169.32,25656110,169.03,170.44,168.91
06-12-2017,169.01,28397810,167.5,170.2047,166.46
05-12-2017,169.64,27315530,169.06,171.52,168.4
04-12-2017,169.8,32512580,172.48,172.62,169.63
01-12-2017,171.05,39735110,169.95,171.67,168.5
30-11-2017,171.85,41484540,170.43,172.14,168.44
29-11-2017,169.48,41459120,172.63,172.92,167.16
28-11-2017,173.07,26387240,174.3,174.87,171.86
27-11-2017,174.09,20591090,175.05,175.08,173.34
24-11-2017,174.97,14026670,175.1,175.5,174.6459
22-11-2017,174.96,25558680,173.36,175,173.05
21-11-2017,173.14,25047130,170.78,173.7,170.78
20-11-2017,169.98,16041550,170.29,170.56,169.56
17-11-2017,170.15,21884010,171.04,171.39,169.64
16-11-2017,171.1,23598650,171.18,171.87,170.3
15-11-2017,169.08,28998220,169.97,170.3197,168.38
14-11-2017,171.34,24683350,173.04,173.48,171.18
13-11-2017,173.97,16956290,173.5,174.5,173.4
10-11-2017,174.67,25129510,175.11,175.38,174.27
09-11-2017,175.88,29422610,175.11,176.095,173.14
08-11-2017,176.24,24358920,174.66,176.24,174.33
07-11-2017,174.81,24332120,173.91,175.25,173.6
06-11-2017,174.25,34770480,172.365,174.99,171.72
03-11-2017,172.5,59332210,174,174.26,171.12
02-11-2017,168.11,39668100,167.64,168.5,165.28
01-11-2017,166.89,33482970,169.87,169.94,165.61
31-10-2017,169.04,35779520,167.9,169.6499,166.94
30-10-2017,166.72,44651420,163.89,168.07,163.72
27-10-2017,163.05,44387770,159.29,163.6,158.7
26-10-2017,157.41,16916650,157.23,157.8295,156.78
25-10-2017,156.41,21175670,156.91,157.55,155.27
24-10-2017,157.1,17633730,156.29,157.42,156.2
23-10-2017,156.17,21888930,156.89,157.69,155.5
20-10-2017,156.25,23907540,156.61,157.75,155.96
19-10-2017,155.98,42357420,156.75,157.08,155.02
18-10-2017,159.76,16252850,160.42,160.71,159.6
17-10-2017,160.47,18969700,159.78,160.87,159.23
16-10-2017,159.88,24093300,157.9,160,157.65
13-10-2017,156.99,16367780,156.73,157.28,156.41
12-10-2017,156,16380570,156.35,157.37,155.7299
11-10-2017,156.55,16861450,155.97,156.98,155.75
10-10-2017,155.9,15603520,156.055,158,155.1
09-10-2017,155.84,16243080,155.81,156.73,155.485
06-10-2017,155.3,17223790,154.97,155.49,154.56
05-10-2017,155.39,21215870,154.18,155.44,154.05
04-10-2017,153.48,20088940,153.63,153.86,152.46
03-10-2017,154.48,16216800,154.01,155.09,153.91
02-10-2017,153.81,18631540,154.26,154.45,152.72
29-09-2017,154.12,26204670,153.21,154.13,152
28-09-2017,153.28,21983410,153.89,154.28,152.7
27-09-2017,154.23,25402270,153.8,154.7189,153.54
26-09-2017,153.14,35907770,151.78,153.92,151.69
25-09-2017,150.55,44366140,149.99,151.83,149.16
22-09-2017,151.89,46575410,152.02,152.27,150.56
21-09-2017,153.39,37350060,155.8,155.8,152.75
20-09-2017,156.07,52126240,157.9,158.26,153.83
19-09-2017,158.73,20565620,159.51,159.77,158.44
18-09-2017,158.67,28157630,160.11,160.5,157.995
15-09-2017,159.88,48846060,158.47,160.97,158
14-09-2017,158.28,23637310,158.99,159.4,158.09
13-09-2017,159.65,44866280,159.87,159.96,157.91
12-09-2017,160.86,71574560,162.61,163.96,158.77
11-09-2017,161.5,31506890,160.5,162.05,159.89
08-09-2017,158.63,28411740,160.86,161.15,158.53
07-09-2017,161.26,21905160,162.09,162.24,160.36
06-09-2017,161.91,21610300,162.71,162.99,160.52
05-09-2017,162.08,29491910,163.75,164.25,160.56
01-09-2017,164.05,16564340,164.8,164.94,163.63
31-08-2017,164,26729940,163.64,164.52,163.48
30-08-2017,163.35,27215770,163.8,163.89,162.61
29-08-2017,162.91,29451050,160.1,163.12,160
28-08-2017,161.47,25649890,160.14,162,159.93
25-08-2017,159.86,25184600,159.65,160.56,159.27
24-08-2017,159.27,19782170,160.43,160.74,158.55
23-08-2017,159.98,19376940,159.07,160.47,158.88
22-08-2017,159.78,21564890,158.23,160,158.02
21-08-2017,157.21,26330070,157.5,157.89,155.1101
18-08-2017,157.5,27391950,157.86,159.5,156.72
17-08-2017,157.86,27377960,160.52,160.71,157.84
16-08-2017,160.95,27607370,161.94,162.51,160.15
15-08-2017,161.6,29377630,160.66,162.195,160.14
14-08-2017,159.85,22074760,159.32,160.21,158.75
11-08-2017,157.48,26208970,156.6,158.5728,156.07
10-08-2017,155.32,39636190,159.9,160,154.63
09-08-2017,161.06,26060430,159.26,161.27,159.11
08-08-2017,160.08,36127490,158.6,161.83,158.27
07-08-2017,158.81,21827400,157.06,158.92,156.6701
04-08-2017,156.39,20514810,156.07,157.4,155.69
03-08-2017,155.57,26604140,157.05,157.21,155.02
02-08-2017,157.14,69726440,159.28,159.75,156.16
01-08-2017,150.05,33669020,149.1,150.22,148.41
31-07-2017,148.73,19690420,149.9,150.33,148.13
28-07-2017,149.5,17192770,149.89,150.23,149.19
27-07-2017,150.56,32429770,153.75,153.99,147.3
26-07-2017,153.46,15649120,153.35,153.93,153.06
25-07-2017,152.74,18798250,151.8,153.84,151.8
24-07-2017,152.09,21466370,150.58,152.44,149.9
21-07-2017,150.27,25111310,149.99,150.44,148.88
20-07-2017,150.34,17170490,151.5,151.74,150.19
19-07-2017,151.02,20859830,150.48,151.42,149.95
18-07-2017,150.08,17837130,149.2,150.13,148.67
17-07-2017,149.56,23765710,148.82,150.9,148.57
14-07-2017,149.04,20117070,147.97,149.33,147.33
13-07-2017,147.77,25080500,145.5,148.49,145.44
12-07-2017,145.74,24833800,145.87,146.18,144.82
11-07-2017,145.53,18647220,144.73,145.85,144.38
10-07-2017,145.06,21080580,144.11,145.95,143.37
07-07-2017,144.18,18527000,142.9,144.75,142.9
06-07-2017,142.73,24110330,143.02,143.5,142.41
05-07-2017,144.09,21550270,143.69,144.79,142.7237
03-07-2017,143.5,14277850,144.88,145.3001,143.1
30-06-2017,144.02,22986960,144.45,144.96,143.78
29-06-2017,143.68,31450520,144.71,145.13,142.28
28-06-2017,145.83,22052920,144.49,146.11,143.1601
27-06-2017,143.73,24725210,145.01,146.16,143.62
26-06-2017,145.82,25674500,147.17,148.28,145.38
23-06-2017,146.28,35421310,145.13,147.16,145.11
22-06-2017,145.63,19082170,145.77,146.7,145.1199
21-06-2017,145.87,21247590,145.52,146.0693,144.61
20-06-2017,145.01,24877950,146.87,146.87,144.94
19-06-2017,146.34,32203640,143.66,146.74,143.66
16-06-2017,142.27,50264540,143.78,144.5,142.2
15-06-2017,144.29,31642900,143.32,144.4798,142.21
14-06-2017,145.16,31454590,147.5,147.5,143.84
13-06-2017,146.59,34089190,147.16,147.45,145.15
12-06-2017,145.42,72187710,145.74,146.09,142.51
09-06-2017,148.98,64782910,155.19,155.19,146.02
08-06-2017,154.99,21144040,155.25,155.54,154.4
07-06-2017,155.37,21017560,155.02,155.98,154.48
06-06-2017,154.45,26591850,153.9,155.81,153.78
05-06-2017,153.93,25277680,154.34,154.45,153.46
02-06-2017,155.45,27715140,153.58,155.45,152.89
01-06-2017,153.18,16383610,153.17,153.33,152.22
31-05-2017,152.76,24452750,153.97,154.17,152.38
30-05-2017,153.67,20118620,153.42,154.43,153.33
26-05-2017,153.61,21895020,154,154.24,153.31
25-05-2017,153.87,19217810,153.73,154.35,153.03
24-05-2017,153.34,19201820,153.84,154.17,152.67
23-05-2017,153.8,19906170,154.9,154.9,153.31
22-05-2017,153.99,22930630,154,154.58,152.91
19-05-2017,153.06,26892850,153.38,153.98,152.63
18-05-2017,152.54,33520150,151.27,153.34,151.13
17-05-2017,150.25,50674280,153.6,154.57,149.71
16-05-2017,155.47,19994270,155.94,156.06,154.72
15-05-2017,155.7,25912270,156.01,156.65,155.05
12-05-2017,156.1,32493770,154.7,156.42,154.67
11-05-2017,153.95,27236290,152.45,154.07,152.31
10-05-2017,153.26,25779060,153.63,153.94,152.11
09-05-2017,153.99,38907940,153.87,154.88,153.45
08-05-2017,153.01,48670440,149.03,153.7,149.03
05-05-2017,148.96,27254850,146.76,148.98,146.76
04-05-2017,146.53,23345970,146.52,147.14,145.81
03-05-2017,147.06,45579740,145.59,147.49,144.27
02-05-2017,147.51,44182930,147.54,148.09,146.84
01-05-2017,146.58,33498270,145.1,147.2,144.96
28-04-2017,143.65,20783460,144.09,144.3,143.27
27-04-2017,143.79,14198660,143.923,144.16,143.31
26-04-2017,143.68,19998050,144.47,144.6,143.3762
25-04-2017,144.53,18325720,143.91,144.9,143.87
24-04-2017,143.64,17117710,143.5,143.95,143.18
21-04-2017,142.27,17290900,142.44,142.68,141.85
20-04-2017,142.44,23294040,141.22,142.92,141.16
19-04-2017,140.68,17302160,141.88,142,140.45
18-04-2017,141.2,14676420,141.41,142.04,141.11
17-04-2017,141.83,16529130,141.48,141.88,140.87
13-04-2017,141.05,17775510,141.91,142.38,141.05
12-04-2017,141.8,20320420,141.6,142.15,141.01
11-04-2017,141.63,30341520,142.94,143.35,140.06
10-04-2017,143.17,18904680,143.6,143.8792,142.9
07-04-2017,143.34,16658660,143.73,144.18,143.27
06-04-2017,143.66,21131040,144.29,144.52,143.45
05-04-2017,144.02,27649500,144.22,145.46,143.81
04-04-2017,144.77,19865300,143.25,144.89,143.17
03-04-2017,143.7,19970040,143.71,144.12,143.05
31-03-2017,143.66,19576480,143.72,144.27,143.01
30-03-2017,143.93,21189000,144.19,144.5,143.5
29-03-2017,144.12,29174040,143.68,144.49,143.19
28-03-2017,143.8,33348400,140.91,144.04,140.62
27-03-2017,140.88,23531670,139.39,141.22,138.62
24-03-2017,140.64,22355140,141.5,141.74,140.35
23-03-2017,140.92,20299310,141.26,141.5844,140.61
22-03-2017,141.42,25804820,139.845,141.6,139.76
21-03-2017,139.84,39461130,142.11,142.8,139.73
20-03-2017,141.46,21258100,140.4,141.5,140.23
17-03-2017,139.99,43700570,141,141,139.89
16-03-2017,140.69,19173780,140.72,141.02,140.26
15-03-2017,140.46,25676720,139.41,140.7501,139.025
14-03-2017,138.99,15281850,139.3,139.65,138.84
13-03-2017,139.2,17048800,138.85,139.43,138.82
10-03-2017,139.14,19578920,139.25,139.3571,138.64
09-03-2017,138.68,22117750,138.74,138.79,137.05
08-03-2017,139,18695500,138.95,139.8,138.82
07-03-2017,139.52,17439210,139.06,139.98,138.79
06-03-2017,139.34,21229890,139.365,139.77,138.5959
03-03-2017,139.78,21555370,138.78,139.83,138.59
02-03-2017,138.96,26170690,140,140.2786,138.76
01-03-2017,139.79,36362440,137.89,140.15,137.595
28-02-2017,136.99,23446340,137.08,137.435,136.7
27-02-2017,136.93,20222210,137.14,137.435,136.28
24-02-2017,136.66,21754600,135.91,136.66,135.28
23-02-2017,136.53,20762360,137.38,137.48,136.3
22-02-2017,137.11,20769030,136.43,137.12,136.11
21-02-2017,136.7,24487200,136.23,136.75,135.98
17-02-2017,135.72,22163280,135.1,135.83,135.1
16-02-2017,135.345,22539860,135.67,135.9,134.8398
15-02-2017,135.51,35578640,135.52,136.27,134.62
14-02-2017,135.02,33054500,133.47,135.09,133.25
13-02-2017,133.29,22989980,133.08,133.82,132.75
10-02-2017,132.12,20046250,132.46,132.94,132.05
09-02-2017,132.42,28321440,131.65,132.445,131.12
08-02-2017,132.04,22941650,131.35,132.22,131.22
07-02-2017,131.53,38158410,130.54,132.09,130.45
06-02-2017,130.29,26784530,129.13,130.5,128.9
03-02-2017,129.08,24460160,128.31,129.19,128.16
02-02-2017,128.53,33671250,127.975,129.39,127.78
01-02-2017,128.75,111837300,127.03,130.49,127.01
31-01-2017,121.35,47767760,121.15,121.39,120.62
30-01-2017,121.63,30327110,120.93,121.63,120.66
27-01-2017,121.95,20495340,122.14,122.35,121.6
26-01-2017,121.94,26320740,121.67,122.44,121.6
25-01-2017,121.88,32417410,120.42,122.1,120.28
24-01-2017,119.97,23191150,119.55,120.1,119.5
23-01-2017,120.08,21982000,120,120.81,119.77
20-01-2017,120,29922650,120.45,120.45,119.7346
19-01-2017,119.78,25554290,119.4,120.09,119.37
18-01-2017,119.99,23687350,120,120.5,119.71
17-01-2017,120,34412090,118.34,120.24,118.22
13-01-2017,119.04,26083030,119.11,119.62,118.81
12-01-2017,119.25,27057550,118.895,119.3,118.21
11-01-2017,119.75,27453130,118.74,119.93,118.6
10-01-2017,119.11,24432660,118.77,119.38,118.3
09-01-2017,118.99,33420290,117.95,119.43,117.94
06-01-2017,117.91,31714820,116.78,118.16,116.47
05-01-2017,116.61,22115100,115.92,116.8642,115.81
04-01-2017,116.02,21081620,115.85,116.51,115.75
03-01-2017,116.15,28769220,115.8,116.33,114.76
30-12-2016,115.82,30555900,116.65,117.2,115.43
29-12-2016,116.73,14979680,116.45,117.1095,116.4
28-12-2016,116.76,20686510,117.52,118.0166,116.2
27-12-2016,117.26,18131970,116.52,117.8,116.49
23-12-2016,116.52,14244050,115.59,116.52,115.59
22-12-2016,116.29,26043820,116.35,116.51,115.64
21-12-2016,117.06,23724430,116.8,117.4,116.78
20-12-2016,116.95,21337310,116.74,117.5,116.68
19-12-2016,116.64,27756760,115.8,117.38,115.75
16-12-2016,115.97,44284660,116.47,116.5,115.645
15-12-2016,115.82,46286150,115.38,116.73,115.23
14-12-2016,115.19,33962370,115.04,116.2,114.98
13-12-2016,115.19,43293350,113.84,115.92,113.75
12-12-2016,113.3,26176690,113.29,115,112.49
09-12-2016,113.95,34324350,112.31,114.7,112.31
08-12-2016,112.12,27049830,110.86,112.43,110.6
07-12-2016,111.03,29976030,109.26,111.19,109.16
06-12-2016,109.95,26160560,109.5,110.36,109.19
05-12-2016,109.11,34113880,110,110.03,108.25
02-12-2016,109.9,26481320,109.17,110.09,108.85
01-12-2016,109.49,37034520,110.365,110.94,109.03
30-11-2016,110.52,36151450,111.6,112.2,110.27
29-11-2016,111.46,28507780,110.78,112.03,110.07
28-11-2016,111.57,27054320,111.43,112.465,111.39
25-11-2016,111.79,11475920,111.13,111.87,110.95
23-11-2016,111.23,27420550,111.36,111.51,110.33
22-11-2016,111.8,25931710,111.95,112.42,111.4
21-11-2016,111.73,29164190,110.12,111.99,110.01
18-11-2016,110.06,28310840,109.72,110.54,109.66
17-11-2016,109.95,27623150,109.81,110.35,108.83
16-11-2016,109.99,58724080,106.7,110.23,106.6
15-11-2016,107.11,32230590,106.57,107.68,106.1593
14-11-2016,105.71,50901380,107.71,107.809,104.08
11-11-2016,108.43,34117030,107.12,108.87,106.55
10-11-2016,107.79,57097740,111.09,111.09,105.83
09-11-2016,110.88,59118740,109.88,111.32,108.05
08-11-2016,111.06,24129630,110.31,111.72,109.7
07-11-2016,110.41,32361930,110.08,110.51,109.46
04-11-2016,108.84,30790930,108.53,110.25,108.11
03-11-2016,109.83,26538700,110.98,111.46,109.55
02-11-2016,111.59,28174980,111.4,112.35,111.23
01-11-2016,111.49,43403760,113.46,113.77,110.53
31-10-2016,113.54,26378910,113.65,114.23,113.2
28-10-2016,113.72,36792100,113.87,115.21,113.45
27-10-2016,114.48,31396130,115.39,115.86,114.1
26-10-2016,115.59,66028640,114.31,115.7,113.31
25-10-2016,118.25,46820600,117.95,118.36,117.31
24-10-2016,117.65,23492650,117.1,117.74,117
21-10-2016,116.6,22527690,116.81,116.91,116.28
20-10-2016,117.06,24100150,116.86,117.38,116.33
19-10-2016,117.12,19977160,117.25,117.76,113.8
18-10-2016,117.47,24308210,118.18,118.21,117.45
17-10-2016,117.55,23583810,117.33,117.84,116.78
14-10-2016,117.63,35626020,117.88,118.17,117.13
13-10-2016,116.98,35041820,116.79,117.44,115.72
12-10-2016,117.34,37512930,117.35,117.98,116.75
11-10-2016,116.3,63963010,117.7,118.69,116.2
10-10-2016,116.05,36087910,115.02,116.75,114.72
07-10-2016,114.06,24336440,114.31,114.56,113.51
06-10-2016,113.89,28508710,113.7,114.34,113.13
05-10-2016,113.05,21400410,113.4,113.66,112.69
04-10-2016,113,29707270,113.06,114.31,112.63
03-10-2016,112.52,21634520,112.71,113.05,112.28
30-09-2016,113.05,36340670,112.46,113.37,111.8
29-09-2016,112.18,35850010,113.16,113.8,111.8
28-09-2016,113.95,29608390,113.69,114.64,113.43
27-09-2016,113.09,24587490,113,113.18,112.34
26-09-2016,112.88,29800240,111.64,113.39,111.55
23-09-2016,112.71,52411070,114.42,114.79,111.55
22-09-2016,114.62,31048170,114.35,114.94,114
21-09-2016,113.55,35951900,113.85,113.989,112.441
20-09-2016,113.57,34494150,113.05,114.12,112.51
19-09-2016,113.58,46937190,115.19,116.18,113.25
16-09-2016,114.92,79763890,115.12,116.13,114.04
15-09-2016,115.57,90398170,113.86,115.73,113.49
14-09-2016,111.77,111186900,108.73,113.03,108.6
13-09-2016,107.95,62080160,107.51,108.79,107.24
12-09-2016,105.44,45114590,102.65,105.72,102.53
09-09-2016,103.13,46461610,104.64,105.72,103.13
08-09-2016,105.52,52955310,107.25,107.27,105.24
07-09-2016,108.36,42250480,107.83,108.76,107.07
06-09-2016,107.7,26645130,107.9,108.3,107.51
02-09-2016,107.73,26393770,107.7,108,106.82
01-09-2016,106.73,26675250,106.14,106.8,105.62
31-08-2016,106.1,31639010,105.66,106.5699,105.64
30-08-2016,106,24817940,105.8,106.5,105.5
29-08-2016,106.82,24900130,106.62,107.44,106.29
26-08-2016,106.94,27744300,107.41,107.95,106.31
25-08-2016,107.57,25001730,107.39,107.88,106.68
24-08-2016,108.03,23606240,108.565,108.75,107.68
23-08-2016,108.85,21236850,108.59,109.32,108.53
22-08-2016,108.51,25784420,108.86,109.1,107.85
19-08-2016,109.36,25108890,108.77,109.69,108.36
18-08-2016,109.08,21918340,109.23,109.6,109.02
17-08-2016,109.22,25328680,109.1,109.37,108.34
16-08-2016,109.38,33754680,109.63,110.23,109.21
15-08-2016,109.48,25704330,108.14,109.54,108.08
12-08-2016,108.18,18648700,107.78,108.44,107.78
11-08-2016,107.93,27460070,108.52,108.93,107.85
10-08-2016,108,23839880,108.71,108.9,107.76
09-08-2016,108.81,26296260,108.23,108.94,108.01
08-08-2016,108.37,28010430,107.52,108.37,107.16
05-08-2016,107.48,39546610,106.27,107.65,106.18
04-08-2016,105.87,26781730,105.58,106,105.28
03-08-2016,105.79,30148360,104.81,105.84,104.77
02-08-2016,104.48,33770220,106.05,106.07,104
01-08-2016,106.05,38018910,104.41,106.15,104.41
29-07-2016,104.21,27697970,104.19,104.55,103.68
28-07-2016,104.34,38771840,102.83,104.45,102.82
27-07-2016,102.95,92143920,104.265,104.35,102.75
26-07-2016,96.67,53454620,96.82,97.97,96.42
25-07-2016,97.34,40290580,98.25,98.84,96.92
22-07-2016,98.66,28218240,99.26,99.3,98.31
21-07-2016,99.43,32690080,99.83,101,99.13
20-07-2016,99.96,26219110,100,100.46,99.735
19-07-2016,99.87,23766360,99.56,100,99.34
18-07-2016,99.83,36464530,98.7,100.13,98.6
15-07-2016,98.78,30031410,98.92,99.3,98.5
14-07-2016,98.79,38885980,97.39,98.99,97.32
13-07-2016,96.87,25879680,97.41,97.67,96.84
12-07-2016,97.42,24129530,97.17,97.7,97.12
11-07-2016,96.98,23317990,96.75,97.65,96.73
08-07-2016,96.68,28877500,96.49,96.89,96.05
07-07-2016,95.94,24460850,95.7,96.5,95.62
06-07-2016,95.53,30877540,94.6,95.66,94.37
05-07-2016,94.99,27553750,95.39,95.4,94.46
01-07-2016,95.89,25982080,95.49,96.465,95.33
30-06-2016,95.6,35783320,94.44,95.77,94.3
29-06-2016,94.4,36505420,93.97,94.55,93.63
28-06-2016,93.59,40387960,92.9,93.66,92.14
27-06-2016,92.04,45595680,93,93.05,91.5
24-06-2016,93.4,75219710,92.91,94.655,92.65
23-06-2016,96.1,32042290,95.94,96.29,95.25
22-06-2016,95.55,29124140,96.25,96.89,95.35
21-06-2016,95.91,35407050,94.94,96.35,94.676
20-06-2016,95.1,34355970,96,96.57,95.03
17-06-2016,95.33,60793260,96.62,96.65,95.3
16-06-2016,97.55,31251870,96.45,97.75,96.07
15-06-2016,97.14,29373050,97.82,98.41,97.03
14-06-2016,97.46,31890740,97.32,98.475,96.75
13-06-2016,97.34,37708360,98.69,99.12,97.1
10-06-2016,98.83,31672220,98.53,99.3457,98.48
09-06-2016,99.65,26575570,98.5,99.99,98.46
08-06-2016,98.94,20839950,99.02,99.56,98.68
07-06-2016,99.03,22378380,99.25,99.87,98.96
06-06-2016,98.63,23265200,97.99,101.89,97.55
03-06-2016,97.92,28487570,97.79,98.27,97.45
02-06-2016,97.72,40170200,97.6,97.84,96.63
01-06-2016,98.46,29139100,99.02,99.54,98.33
31-05-2016,99.86,42268040,99.6,100.4,98.82
27-05-2016,100.35,36299460,99.44,100.47,99.245
26-05-2016,100.41,56293490,99.68,100.73,98.64
25-05-2016,99.62,38258300,98.67,99.74,98.11
24-05-2016,97.9,35074380,97.22,98.09,96.84
23-05-2016,96.43,37977020,95.87,97.19,95.67
20-05-2016,95.22,31834020,94.64,95.43,94.52
19-05-2016,94.2,30417880,94.64,94.64,93.57
18-05-2016,94.56,42009830,94.16,95.21,93.89
17-05-2016,93.49,46858910,94.55,94.7,93.01
16-05-2016,93.88,61192340,92.39,94.39,91.65
13-05-2016,90.52,44223040,90,91.67,90
12-05-2016,90.34,76183460,92.72,92.78,89.47
11-05-2016,92.51,28641180,93.48,93.57,92.46
10-05-2016,93.42,33653020,93.33,93.57,92.11
09-05-2016,92.79,32895650,93,93.77,92.59
06-05-2016,92.72,43665160,93.37,93.45,91.85
05-05-2016,93.24,35850220,94,94.07,92.68
04-05-2016,94.19,40984160,95.2,95.9,93.82
03-05-2016,95.18,56770080,94.2,95.74,93.68
02-05-2016,93.64,47844490,93.965,94.08,92.4
29-04-2016,93.74,68388840,93.99,94.72,92.51
28-04-2016,94.83,82107120,97.61,97.88,94.25
27-04-2016,97.82,114436300,96,98.71,95.68
26-04-2016,104.35,52979780,103.91,105.3,103.91
25-04-2016,105.08,27997990,105,105.65,104.51
22-04-2016,105.68,33655810,105.01,106.48,104.62
21-04-2016,105.97,31416910,106.93,106.93,105.52
20-04-2016,107.13,30576980,106.64,108.09,106.06
19-04-2016,106.91,32340620,107.88,108,106.23
18-04-2016,107.48,60784920,108.89,108.95,106.94
15-04-2016,109.85,46873670,112.11,112.3,109.73
14-04-2016,112.1,25364920,111.62,112.39,111.33
13-04-2016,112.04,32771760,110.8,112.34,110.8
12-04-2016,110.44,27150570,109.34,110.5,108.66
11-04-2016,109.02,29357940,108.97,110.61,108.83
08-04-2016,108.66,23553790,108.91,109.77,108.17
07-04-2016,108.54,31735810,109.95,110.42,108.121
06-04-2016,110.96,26178840,110.23,110.98,109.2
05-04-2016,109.81,26560420,109.51,110.73,109.42
04-04-2016,111.12,37322930,110.42,112.19,110.27
01-04-2016,109.99,25820460,108.78,110,108.2
